Model,Accuracy,Precision,Recall,F1-Score,ROC-AUC,PR-AUC,CV-Accuracy,CV-F1,CV-AUC
Random Forest,0.9299363057324841,0.9329073482428115,0.9965870307167235,0.9636963696369637,0.24573378839590443,0.9769370382245677,0.928 ± 0.000,0.963 ± 0.000,0.337 ± 0.000
XGBoost,0.9299363057324841,0.9329073482428115,0.9965870307167235,0.9636963696369637,0.2967658052982285,0.9677960878578631,0.932 ± 0.000,0.965 ± 0.000,0.333 ± 0.000
ANN (Neural Network),0.9235668789808917,0.9352750809061489,0.9863481228668942,0.9601328903654485,0.6595156834064684,0.8986858577092777,,,
