{
  "n_components": 123,
  "explained_variance_ratio": 0.9498515639751708,
  "information_loss": 0.05014843602482921,
  "compression_ratio": 2.5528455284552845,
  "component_variances": [
    0.08135446514859161,
    0.04785892888938387,
    0.03498757722081869,
    0.030130109589786642,
    0.02694234346885437,
    0.02557276668844114,
    0.023040845825352263,
    0.02214264024799961,
    0.02026711542265249,
    0.018650317945900895,
    0.01750909224825272,
    0.016853003895091843,
    0.016745876844039966,
    0.01641212468351752,
    0.015854351277146822,
    0.014941770818388917,
    0.014220427183098175,
    0.013461540985413283,
    0.012699179899008388,
    0.012540034039305537,
    0.012387305917282005,
    0.011989824259182692,
    0.011252278987669305,
    0.010681015310058389,
    0.010611219249848612,
    0.010467185757446297,
    0.01013779647120165,
    0.00993657332084856,
    0.009838015802472152,
    0.009440763887132567,
    0.009408757018582644,
    0.00896302266642522,
    0.008839694513813818,
    0.00833527086624852,
    0.008129330356020408,
    0.007804189324935441,
    0.007647798033556579,
    0.007525352751218971,
    0.007216446009735887,
    0.006858675691624085,
    0.006689873075056015,
    0.006561326980674118,
    0.006381595048496865,
    0.006253524182676691,
    0.005934190412097718,
    0.0058570656852138595,
    0.00569104151616141,
    0.005567809859252945,
    0.005499103509593544,
    0.005342580727898941,
    0.005170815039763435,
    0.005075063483932144,
    0.004991751709717977,
    0.004938845819287659,
    0.004801115865949383,
    0.004696320754055288,
    0.004661774587739495,
    0.004579641561769747,
    0.004370531956988126,
    0.00422404328821573,
    0.004086291985869413,
    0.003998677601451304,
    0.003931303323208714,
    0.0038459317682303274,
    0.003796721932365447,
    0.003708565089821331,
    0.0036932320068755586,
    0.0036415022345639425,
    0.003600299873176347,
    0.003516624539321629,
    0.0034871751209956947,
    0.003455642581632823,
    0.0033878087485535464,
    0.003353656377856318,
    0.003342773147923024,
    0.0033005788249258357,
    0.003269858130953822,
    0.0031780332782160915,
    0.003155136571639483,
    0.0031205802420983483,
    0.0030896204106726274,
    0.0030559270548079533,
    0.003032154892013009,
    0.0029768227474073535,
    0.002928885881452782,
    0.0029079833730865493,
    0.00284136346337005,
    0.002817667823605466,
    0.002772855163322881,
    0.0027670406975709395,
    0.002731437912509554,
    0.002699362622031079,
    0.0026782760414260603,
    0.002642167840450125,
    0.002615110012609501,
    0.002584083441884454,
    0.0025753150282639818,
    0.0025349521858637897,
    0.0024687898782968357,
    0.0024536667115759967,
    0.0024021295151253922,
    0.0023903618956589924,
    0.0023283691023494686,
    0.002312924145785946,
    0.0022704018176019007,
    0.002250441604670892,
    0.0022253277676945655,
    0.0022087914804401706,
    0.0021418163550780815,
    0.0021036844079616347,
    0.0020824848970403265,
    0.0020262118490069047,
    0.001988557439184091,
    0.001974078968259563,
    0.0019402940816362522,
    0.0019005482467606737,
    0.001847972607972795,
    0.001832205393725276,
    0.0017984204625715314,
    0.0017595012886773493,
    0.0017304353004794959,
    0.0017014367118204194,
    0.0016482484928794566
  ],
  "components_for_thresholds": {
    "0.8": 66,
    "0.9": 99,
    "0.95": 123,
    "0.99": 161
  },
  "note": "PCA analysis for reference. Pipeline uses Smart Threshold-based Feature Selection."
}